work_id,sanctioned_work_description,original_work_category,ai_work_category,effective_work_category,old_peer_median,new_peer_median,old_ratio,new_ratio,old_level,new_level,financial_explanation
WS/MP18180/2025-2026/178537,Construction of Two Classroom Building at Lalapettai Govt. Higher Secondary School in Kallapalli Pt. Krishnarayapuram Union,Normal/Others,School / Education Infrastructure,School / Education Infrastructure,599049.0,400000.0,7.467730573407896,11.1838320404199,HIGH,CRITICAL,Sanction amount is 11.2x the peer median for 'School / Education Infrastructure' in TAMIL NADU (997 comparable works) | Description-based classification: School / Education Infrastructure (92% confidence) | Sanction amount is at the 98.7th percentile within comparable work-category/state projects | Single vendor payment captures 96.4% of total project disbursals
WS/MP18180/2025-2026/162520,Construction of 2 Classroom Building @ Nehru Higher Secondary School in Eraiyur Pt.,Normal/Others,School / Education Infrastructure,School / Education Infrastructure,599049.0,400000.0,7.261497370837159,10.874972812567968,HIGH,CRITICAL,Sanction amount is 10.9x the peer median for 'School / Education Infrastructure' in TAMIL NADU (997 comparable works) | Description-based classification: School / Education Infrastructure (92% confidence) | Sanction amount is at the 98.6th percentile within comparable work-category/state projects
WS/MP353/2025-2026/183379,"Construction of new building for  Govt.Vocational Higher Secondary School -Thodupuzha ,Ward 7- V.H.S,Thodupuzha Municipality, Idukki Dist",Normal/Others,School / Education Infrastructure,School / Education Infrastructure,255470.0,986796.0,33.964277745810676,8.792981737885299,HIGH,CRITICAL,Sanction amount is 8.8x the peer median for 'School / Education Infrastructure' in KERALA (287 comparable works) | Description-based classification: School / Education Infrastructure (92% confidence) | Sanction amount is at the 100.0th percentile within comparable work-category/state projects | Single vendor payment captures 95.4% of total project disbursals
WS/MP858/2024-2025/139546,"Construction of CC ROAD FROM FARING HOUSE TO CHARKALGRAM HIGH SCHOOL AT KHALA.EXECUTING AGENCY WILL BE ,EO NANOOR PANCHAYAT SAMITI.",Normal/Others,Roads,Roads,350000.0,349818.0,14.351761852108995,14.359228629662768,HIGH,CRITICAL,Sanction amount is 14.4x the peer median for 'Roads' in WEST BENGAL (1023 comparable works) | Description-based classification: Roads (98% confidence) | Sanction amount is at the 99.4th percentile within comparable work-category/state projects
WS/MP243/2025-2026/141110,2 storied building for skill development centre,Normal/Others,Other / Unclassified,Other / Unclassified,350000.0,448000.0,27.20776226353639,21.256077553398317,HIGH,CRITICAL,Sanction amount is 21.3x the peer median for 'Other / Unclassified' in WEST BENGAL (1061 comparable works) | Sanction amount is at the 100.0th percentile within comparable work-category/state projects | Single vendor payment captures 100.0% of total project disbursals
WS/MP18241/2025-2026/197044,"construction of big size RCC puliya on west side of rapta pul in kandi nirmalpurva,golak gondor block reausa vidhansabha sweta.",Normal/Others,Other / Unclassified,Other / Unclassified,231884.0,241000.0,17.24122302003148,16.589063945792756,HIGH,CRITICAL,Sanction amount is 16.6x the peer median for 'Other / Unclassified' in UTTAR PRADESH (5899 comparable works) | Sanction amount is at the 99.1th percentile within comparable work-category/state projects
WS/MP18009/2024-2025/154261,construction of community hall at survey no:782-2a & 782-2c of somandepalli village,Normal/Others,Community Buildings,Community Buildings,497329.0,1000000.0,16.012012144853518,7.963246036753963,HIGH,CRITICAL,Sanction amount is 8.0x the peer median for 'Community Buildings' in ANDHRA PRADESH (210 comparable works) | Description-based classification: Community Buildings (98% confidence) | Sanction amount is at the 99.0th percentile within comparable work-category/state projects | Single vendor payment captures 100.0% of total project disbursals
WS/MP823/2024-2025/137367,"Construction of Chapra Bus Stand at Karimpur Krishnagar Road under Chapra GP, Chapra Block , Nadia.",Normal/Others,Roads,Roads,350000.0,349818.0,25.142785306327696,25.155866319439482,HIGH,CRITICAL,Sanction amount is 25.2x the peer median for 'Roads' in WEST BENGAL (1023 comparable works) | Description-based classification: Roads (92% confidence) | Sanction amount is at the 100.0th percentile within comparable work-category/state projects
WS/MP18155/2024-2025/165824,Construction of New Link Road From Village Kukanet Upto Himachal Boundary Via Ghungrian Wala Mandir,Normal/Others,Roads,Roads,240862.0,400000.0,19.02953961380536,11.458751353121617,HIGH,CRITICAL,Sanction amount is 11.5x the peer median for 'Roads' in PUNJAB (94 comparable works) | Description-based classification: Roads (92% confidence) | Sanction amount is at the 100.0th percentile within comparable work-category/state projects
WS/MP18098/2025-2026/235723,GRAM PANCHAYAT IMALIYA RYT KE GRAM IMALIYA MEIN SE TENDANI KI OR GREWAL ROAD NIRMAN.,Normal/Others,Roads,Roads,239800.5,500000.0,10.425289249650232,4.99999000002,HIGH,CRITICAL,Sanction amount is 5.0x the peer median for 'Roads' in MADHYA PRADESH (639 comparable works) | Description-based classification: Roads (92% confidence) | Sanction amount is at the 99.5th percentile within comparable work-category/state projects
WS/MP391/2025-2026/146422,"CONSTRUCTION OF BOXING ACADEMY BUILDING IN GOPALAPURAM WARD 111, PART 25, ZONE 9 OF CHENNAI CENTRAL CONSITUENCY",Normal/Others,Other / Unclassified,Other / Unclassified,599049.0,699258.0,16.693097404223355,14.30085275985007,HIGH,CRITICAL,Sanction amount is 14.3x the peer median for 'Other / Unclassified' in TAMIL NADU (1577 comparable works) | Sanction amount is at the 99.8th percentile within comparable work-category/state projects | Single vendor payment captures 100.0% of total project disbursals
WS/MP484/2024-2025/150090,"CONSTRUCTION OF PROPOSED G+V STORIED EDUCATIONAL BUILDING FOR USE OF ENGLISH MEDIUM SCHOOL, 17 DEBI CHOWDHURY ROAD, KOLKATA - 700024 UNDER WARD NO. 79",Normal/Others,School / Education Infrastructure,School / Education Infrastructure,350000.0,704860.5,28.571346939008745,14.187184290814578,HIGH,CRITICAL,Sanction amount is 14.2x the peer median for 'School / Education Infrastructure' in WEST BENGAL (232 comparable works) | Description-based classification: School / Education Infrastructure (92% confidence) | Sanction amount is at the 99.6th percentile within comparable work-category/state projects
WS/MP18325/2025-2026/228447,"Construction of community hall at Ruva, Bhavnagar as per plan attached",Normal/Others,Community Buildings,Community Buildings,250000.0,500000.0,43.999824000703995,21.999956000087998,HIGH,CRITICAL,Sanction amount is 22.0x the peer median for 'Community Buildings' in GUJARAT (152 comparable works) | Description-based classification: Community Buildings (98% confidence) | Sanction amount is at the 99.7th percentile within comparable work-category/state projects
WS/MP18180/2025-2026/204508,Construction of Two Classroom Building at Thiruppanjeeli Govt. Hsc School in Mannachanallur Block,Normal/Others,School / Education Infrastructure,School / Education Infrastructure,599049.0,400000.0,8.148835656456056,12.203869490326275,HIGH,CRITICAL,Sanction amount is 12.2x the peer median for 'School / Education Infrastructure' in TAMIL NADU (997 comparable works) | Description-based classification: School / Education Infrastructure (92% confidence) | Sanction amount is at the 99.0th percentile within comparable work-category/state projects | Single vendor payment captures 96.4% of total project disbursals
WS/MP858/2025-2026/181123,"Construction of PCC Road from Charkolgram high school to Poultry Farm under Charkolgram GP,Executing Agency will be E.O. NANOOR Panchayet Samity.",Normal/Others,School / Education Infrastructure,School / Education Infrastructure,350000.0,704860.5,14.285673469504372,7.093592145407289,HIGH,CRITICAL,Sanction amount is 7.1x the peer median for 'School / Education Infrastructure' in WEST BENGAL (232 comparable works) | Description-based classification: School / Education Infrastructure (92% confidence) | Sanction amount is at the 98.3th percentile within comparable work-category/state projects
WS/MP18277/2025-2026/149810,"Construction of community hall at Bhatar bazar Plot No:2816/2817/2806, JL No:-63, Mouza:-Palar",Normal/Others,Community Buildings,Community Buildings,350000.0,1000000.0,28.571346939008745,9.99999000001,HIGH,CRITICAL,Sanction amount is 10.0x the peer median for 'Community Buildings' in WEST BENGAL (93 comparable works) | Description-based classification: Community Buildings (98% confidence) | Sanction amount is at the 98.9th percentile within comparable work-category/state projects
WS/MP747/2025-2026/214835,Construction of additional Class Room Building in Periyar Nagar Hr. Sec. School at Sattur Municipality.,Normal/Others,School / Education Infrastructure,School / Education Infrastructure,599049.0,400000.0,8.346548702111678,12.499968750078125,HIGH,CRITICAL,Sanction amount is 12.5x the peer median for 'School / Education Infrastructure' in TAMIL NADU (997 comparable works) | Description-based classification: School / Education Infrastructure (92% confidence) | Sanction amount is at the 99.4th percentile within comparable work-category/state projects | Single vendor payment captures 100.0% of total project disbursals
WS/MP457/2024-2025/159001,"Construction of Student Study centre through additional building near the existing Library in Master Plan Complex, Collectorate Viluppuram",Normal/Others,School / Education Infrastructure,School / Education Infrastructure,599049.0,400000.0,8.324353559803022,12.466728833177918,HIGH,CRITICAL,Sanction amount is 12.5x the peer median for 'School / Education Infrastructure' in TAMIL NADU (997 comparable works) | Description-based classification: School / Education Infrastructure (92% confidence) | Sanction amount is at the 99.2th percentile within comparable work-category/state projects | Single vendor payment captures 100.0% of total project disbursals
WS/MP18019/2026-2027/139500,"Construction of Community Building with Library, Guest Room, Conference Room at Haflong, Dima Hasao District (Total Estd. Cost:- Rs. 1.00 Cr.) 1st Installment Rs. 50.00 Lakhs",Normal/Others,School / Education Infrastructure,School / Education Infrastructure,500000.0,500000.0,9.99998000004,9.99998000004,HIGH,CRITICAL,Sanction amount is 10.0x the peer median for 'School / Education Infrastructure' in ASSAM (118 comparable works) | Description-based classification: School / Education Infrastructure (92% confidence) | Sanction amount is at the 99.6th percentile within comparable work-category/state projects | Single vendor payment captures 98.3% of total project disbursals
WS/MP867/2025-2026/224833,CONSTRUCTION OF  NEW DINING HALL CUM KITCHEN BUILDING OF RAMKRISHNA MATH COSSIPORE UDYAN BATI,Normal/Others,Other / Unclassified,Other / Unclassified,350000.0,448000.0,14.285673469504372,11.16068937346122,HIGH,CRITICAL,Sanction amount is 11.2x the peer median for 'Other / Unclassified' in WEST BENGAL (1061 comparable works) | Sanction amount is at the 98.9th percentile within comparable work-category/state projects
WS/MP18271/2025-2026/167569,"construction   and   necessary    other allied works    for  Refugee Relief and Rehabilitation Building, Cooch Behar",Normal/Others,Other / Unclassified,Other / Unclassified,350000.0,448000.0,14.285673469504372,11.16068937346122,HIGH,CRITICAL,Sanction amount is 11.2x the peer median for 'Other / Unclassified' in WEST BENGAL (1061 comparable works) | Sanction amount is at the 98.9th percentile within comparable work-category/state projects
WS/MP18009/2024-2025/157138,construction of community hall at Survey No. 294-2 of Parigi village,Normal/Others,Community Buildings,Community Buildings,497329.0,1000000.0,16.085898699052944,7.999992000008,HIGH,CRITICAL,Sanction amount is 8.0x the peer median for 'Community Buildings' in ANDHRA PRADESH (210 comparable works) | Description-based classification: Community Buildings (98% confidence) | Sanction amount is at the 99.5th percentile within comparable work-category/state projects | Single vendor payment captures 100.0% of total project disbursals
WS/MP858/2025-2026/181835,"Construction of CC Road at 1. Paschimpara idgaha to sk Sajal house via Raficul Islam house.2. Abdul Hakim House to Sardar ALI Shop and Ajmal Haque house at METEKONA VILL UNDER ILLAMBAZAR BLOCK ,Executing Agency will be E.O. SSDA,Bolpur, BIBHUM W.B.",Normal/Others,Roads,Roads,350000.0,349818.0,12.451907280264914,12.45838562227895,HIGH,CRITICAL,Sanction amount is 12.5x the peer median for 'Roads' in WEST BENGAL (1023 comparable works) | Description-based classification: Roads (98% confidence) | Sanction amount is at the 98.7th percentile within comparable work-category/state projects
WS/MP866/2025-2026/213688,"Construction of compound wall at Old Block Vyasarpadi 192 tenements  in division 46 Colony, Perambur  Constituency.",Normal/Others,Boundary Walls,Boundary Walls,599049.0,1000000.0,12.519823053167515,7.4999925000075,HIGH,CRITICAL,Sanction amount is 7.5x the peer median for 'Boundary Walls' in TAMIL NADU (55 comparable works) | Description-based classification: Boundary Walls (98% confidence) | Sanction amount is at the 100.0th percentile within comparable work-category/state projects | Single vendor payment captures 100.0% of total project disbursals
WS/MP756/2026-2027/171038,Construction of Two Class Room Building at Government Higher Secondary School Thirumanur Panchayat in Thirumanur Block.,Normal/Others,School / Education Infrastructure,School / Education Infrastructure,599049.0,400000.0,7.511893831900509,11.249971875070312,HIGH,CRITICAL,Sanction amount is 11.2x the peer median for 'School / Education Infrastructure' in TAMIL NADU (997 comparable works) | Description-based classification: School / Education Infrastructure (92% confidence) | Sanction amount is at the 98.8th percentile within comparable work-category/state projects
WS/MP18186/2026-2027/212286,Construction of Additional 2 classroom Building  for Govt.Girls Higher secondary school at Manavalanagar at Vengathur Panchayat in Kadambathur Block.,Normal/Others,School / Education Infrastructure,School / Education Infrastructure,599049.0,400000.0,6.6772389616893415,9.9999750000625,HIGH,CRITICAL,Sanction amount is 10.0x the peer median for 'School / Education Infrastructure' in TAMIL NADU (997 comparable works) | Description-based classification: School / Education Infrastructure (92% confidence) | Sanction amount is at the 98.2th percentile within comparable work-category/state projects | Single vendor payment captures 94.5% of total project disbursals
WS/MP18120/2025-2026/174636,Construction of Bridge with approch Road towards Primary Health Cement At. Ashti Tq. Hadgaon Dist Nanded.,Normal/Others,Healthcare Infrastructure,Healthcare Infrastructure,995698.0,1000000.0,7.972622248289895,7.938324061675939,HIGH,CRITICAL,Sanction amount is 7.9x the peer median for 'Healthcare Infrastructure' in MAHARASHTRA (10 comparable works) | Description-based classification: Healthcare Infrastructure (98% confidence) | Sanction amount is at the 100.0th percentile within comparable work-category/state projects
WS/MP18355/2025-2026/158359,"Construction of Yoga Center at Pulakeshi Nagar Ward No-78 Stephens Road,Elephants Park",Normal/Others,Roads,Roads,500000.0,500000.0,5.999988000024,5.999988000024,HIGH,CRITICAL,Sanction amount is 6.0x the peer median for 'Roads' in KARNATAKA (553 comparable works) | Description-based classification: Roads (92% confidence) | Sanction amount is at the 100.0th percentile within comparable work-category/state projects | Single vendor payment captures 100.0% of total project disbursals
WS/MP18217/2024-2025/136145,developement of inerlocking road from dabur road to village side 500 meters by 3.5 meters,Normal/Others,Roads,Roads,231884.0,866673.0,18.528007417469865,4.957304592038067,HIGH,CRITICAL,Sanction amount is 5.0x the peer median for 'Roads' in UTTAR PRADESH (2286 comparable works) | Description-based classification: Roads (92% confidence) | Sanction amount is at the 99.7th percentile within comparable work-category/state projects
WS/MP18008/2025-2026/185945,Construction of SKBM Municipal Corporation High School Building (1st and 2nd Floor) at AT Agraharm in Division No 24,Normal/Others,School / Education Infrastructure,School / Education Infrastructure,497329.0,495089.0,8.793539500934992,8.833325253994223,HIGH,CRITICAL,Sanction amount is 8.8x the peer median for 'School / Education Infrastructure' in ANDHRA PRADESH (204 comparable works) | Description-based classification: School / Education Infrastructure (92% confidence) | Sanction amount is at the 99.0th percentile within comparable work-category/state projects | Single vendor payment captures 100.0% of total project disbursals
WS/MP791/2025-2026/252116,bhadariya chandradeep ghat marg khantara D Y se pikaura tak 800 meetr pich road kary,Normal/Others,Roads,Roads,231884.0,866673.0,28.46238437156349,7.615320178060032,HIGH,CRITICAL,Sanction amount is 7.6x the peer median for 'Roads' in UTTAR PRADESH (2286 comparable works) | Description-based classification: Roads (92% confidence) | Sanction amount is at the 99.9th percentile within comparable work-category/state projects
WS/MP18001/2024-2025/163131,"Formation of BT Road from KNF Road to Sathirevu puntha SC Locality via Lockpeet, Luthern High School, Jayapet in Sakhinetipalli village",Normal/Others,School / Education Infrastructure,School / Education Infrastructure,497329.0,495089.0,23.29837934570607,23.403791229877395,HIGH,CRITICAL,Sanction amount is 23.4x the peer median for 'School / Education Infrastructure' in ANDHRA PRADESH (204 comparable works) | Description-based classification: School / Education Infrastructure (92% confidence) | Sanction amount is at the 100.0th percentile within comparable work-category/state projects
WS/MP18254/2024-2025/179556,"Construction of Boundary Wall and Improvement of ground of Belda Stadium at mouza -Susindaa JL. No. 320, Plot No. 422, 423, 427, 428, 429, 430, 431, 437, 438, 442.",Normal/Others,Boundary Walls,Boundary Walls,350000.0,1000000.0,17.059265544955586,5.97075402924597,HIGH,CRITICAL,Sanction amount is 6.0x the peer median for 'Boundary Walls' in WEST BENGAL (63 comparable works) | Description-based classification: Boundary Walls (98% confidence) | Sanction amount is at the 100.0th percentile within comparable work-category/state projects | Single vendor payment captures 100.0% of total project disbursals
WS/MP866/2024-2025/152256,"Construction of Chennai Girls Higher Secondary School Building (G+1)12 class rooms at Buddha street om Dn -48, Zone-04",Normal/Others,School / Education Infrastructure,School / Education Infrastructure,599049.0,400000.0,16.693097404223355,24.99993750015625,HIGH,CRITICAL,Sanction amount is 25.0x the peer median for 'School / Education Infrastructure' in TAMIL NADU (997 comparable works) | Description-based classification: School / Education Infrastructure (92% confidence) | Sanction amount is at the 100.0th percentile within comparable work-category/state projects
WS/MP18058/2025-2026/158435,khiskoli circle kale pase vahivati wardNo.12 Jagannath mandir pase RCC road banavva ni kamgiri,Normal/Others,Roads,Roads,250000.0,250000.0,13.20131119475522,13.20131119475522,HIGH,CRITICAL,Sanction amount is 13.2x the peer median for 'Roads' in GUJARAT (1657 comparable works) | Description-based classification: Roads (92% confidence) | Sanction amount is at the 100.0th percentile within comparable work-category/state projects
WS/MP827/2025-2026/244989,Development of Pond by Construction of Bath Ghat including Community Toilet with Changing Room and Electric High Mast Lights,Normal/Others,Street Lighting / Electrification,Street Lighting / Electrification,350000.0,289744.0,26.062782677763778,31.482855614419577,HIGH,CRITICAL,Sanction amount is 31.5x the peer median for 'Street Lighting / Electrification' in WEST BENGAL (1893 comparable works) | Description-based classification: Street Lighting / Electrification (98% confidence) | Sanction amount is at the 99.9th percentile within comparable work-category/state projects
WS/MP341/2025-2026/202224,"Installation of Gym Equipment in Lake Park located in 3rd Cross Road, Muthachari Industrial Estate, adjacent to Deepanjali Lake located in Deepanjali Nagar, Vijayanagar Assembly Constituency, Bengaluru - 560039",Normal/Others,Roads,Roads,500000.0,500000.0,5.998340003319993,5.998340003319993,HIGH,CRITICAL,Sanction amount is 6.0x the peer median for 'Roads' in KARNATAKA (553 comparable works) | Description-based classification: Roads (92% confidence) | Sanction amount is at the 99.8th percentile within comparable work-category/state projects | Single vendor payment captures 100.0% of total project disbursals
WS/MP18155/2024-2025/177940,Construction of Special Repair LR Hoshiarpur Dasuya road to Hoshiarpur Enclave,Normal/Others,Repair / Renovation,Repair / Renovation,240862.0,250000.0,11.573795061923168,11.150751396994412,HIGH,CRITICAL,Sanction amount is 11.2x the peer median for 'Repair / Renovation' in PUNJAB (142 comparable works) | Description-based classification: Repair / Renovation (92% confidence) | Sanction amount is at the 100.0th percentile within comparable work-category/state projects
WS/MP18325/2025-2026/228446,"construction of community hall at Fulsar, Bhavnagar as per plan attached",Normal/Others,Community Buildings,Community Buildings,250000.0,500000.0,43.999824000703995,21.999956000087998,HIGH,CRITICAL,Sanction amount is 22.0x the peer median for 'Community Buildings' in GUJARAT (152 comparable works) | Description-based classification: Community Buildings (98% confidence) | Sanction amount is at the 99.7th percentile within comparable work-category/state projects
WS/MP18063/2025-2026/246454,Construction of interlocking in Khadanja between Road from Kutani to PWD road,Normal/Others,Roads,Roads,350000.0,485685.0,26.81924908785975,19.326816091054713,HIGH,CRITICAL,Sanction amount is 19.3x the peer median for 'Roads' in HARYANA (100 comparable works) | Description-based classification: Roads (92% confidence) | Sanction amount is at the 100.0th percentile within comparable work-category/state projects
WS/MP18180/2025-2026/204509,Construction of Two Classroom Building at Pinnavasal Panchayat Union Elementary School in Poovalur TP,Normal/Others,School / Education Infrastructure,School / Education Infrastructure,599049.0,400000.0,6.6772389616893415,9.9999750000625,HIGH,CRITICAL,Sanction amount is 10.0x the peer median for 'School / Education Infrastructure' in TAMIL NADU (997 comparable works) | Description-based classification: School / Education Infrastructure (92% confidence) | Sanction amount is at the 98.2th percentile within comparable work-category/state projects | Single vendor payment captures 100.0% of total project disbursals
WS/MP18198/2025-2026/214766,Allahabad loksabha Kshetra Roads construction,Normal/Others,Other / Unclassified,Other / Unclassified,231884.0,241000.0,72.26426892640748,69.53083182227459,HIGH,CRITICAL,Sanction amount is 69.5x the peer median for 'Other / Unclassified' in UTTAR PRADESH (5899 comparable works) | Sanction amount is at the 99.9th percentile within comparable work-category/state projects
WS/MP18271/2026-2027/269847,Construction of Black Top road from Sannashi Ghat to house of Bikash Barman via Hanim Mia Chowpathi via Bipul Basunia hosue to house of Nagen Sadhu vill  South Patchhara Booth No 4108 under Patchhara GP within Cooch Behar I PS in District Cooch Behar,Normal/Others,Roads,Roads,350000.0,349818.0,18.858554689843743,18.868366212241188,HIGH,CRITICAL,Sanction amount is 18.9x the peer median for 'Roads' in WEST BENGAL (1023 comparable works) | Description-based classification: Roads (98% confidence) | Sanction amount is at the 99.9th percentile within comparable work-category/state projects
WS/MP18309/2024-2025/155212,For supply of water pipeline and water pump for 50 different villages within Dalu Block.,Normal/Others,Water Supply,Water Supply,300000.0,200000.0,33.33322222259259,49.99975000124999,HIGH,CRITICAL,Sanction amount is 50.0x the peer median for 'Water Supply' in MEGHALAYA (33 comparable works) | Description-based classification: Water Supply (92% confidence) | Sanction amount is at the 98.5th percentile within comparable work-category/state projects | Single vendor payment captures 100.0% of total project disbursals
WS/MP18309/2024-2025/155216,For supply of water pipeline and water pump in 50 different villages within Gambegre Block.,Normal/Others,Water Supply,Water Supply,300000.0,200000.0,33.33322222259259,49.99975000124999,HIGH,CRITICAL,Sanction amount is 50.0x the peer median for 'Water Supply' in MEGHALAYA (33 comparable works) | Description-based classification: Water Supply (92% confidence) | Sanction amount is at the 98.5th percentile within comparable work-category/state projects | Single vendor payment captures 100.0% of total project disbursals
WS/MP352/2025-2026/169147,"Construction of Building for Krishi Bhavan at Ward 5, Udayamperoor GP",Normal/Others,Other / Unclassified,Other / Unclassified,255470.0,240000.0,20.39292131005085,21.7074095524602,HIGH,CRITICAL,Sanction amount is 21.7x the peer median for 'Other / Unclassified' in KERALA (1423 comparable works) | Sanction amount is at the 99.9th percentile within comparable work-category/state projects
WS/MP18355/2025-2026/158193,Construction of anganawadi building at chokkasandra ward No.39,Normal/Others,Other / Unclassified,Other / Unclassified,500000.0,500000.0,4.99999000002,4.99999000002,HIGH,CRITICAL,Sanction amount is 5.0x the peer median for 'Other / Unclassified' in KARNATAKA (933 comparable works) | Sanction amount is at the 98.8th percentile within comparable work-category/state projects | Single vendor payment captures 91.5% of total project disbursals
WS/MP18067/2025-2026/214183,Const. of field Rasta from Hansi Road to Rajbaha No. 8 behind krishna Suman and Anju filed.,Normal/Others,Roads,Roads,350000.0,485685.0,5.699900857426122,4.107532438653781,HIGH,CRITICAL,Sanction amount is 4.1x the peer median for 'Roads' in HARYANA (100 comparable works) | Description-based classification: Roads (92% confidence) | Sanction amount is at the 98.0th percentile within comparable work-category/state projects
WS/MP484/2025-2026/210691,"CONSTRUCTION OF THREE STOREYED BUILDING FOR KMC PRIMARY SCHOOL (ENGLISH MEDIUM) AT 113 BY 1, KABISEKHAR KALIDAS ROY ROAD, IN WARD 88, UNDER BOROUGH - VIII.",Normal/Others,School / Education Infrastructure,School / Education Infrastructure,350000.0,704860.5,34.2856163268105,17.024621148977495,HIGH,CRITICAL,Sanction amount is 17.0x the peer median for 'School / Education Infrastructure' in WEST BENGAL (232 comparable works) | Description-based classification: School / Education Infrastructure (92% confidence) | Sanction amount is at the 100.0th percentile within comparable work-category/state projects
WS/MP459/2025-2026/149089,"Construction of First Floor in UPHC, Radhakrishnan Salai. Zone - 10, Ward - 133",Normal/Others,Other / Unclassified,Other / Unclassified,599049.0,699258.0,20.031716885068025,17.161023311820085,HIGH,CRITICAL,Sanction amount is 17.2x the peer median for 'Other / Unclassified' in TAMIL NADU (1577 comparable works) | Sanction amount is at the 99.9th percentile within comparable work-category/state projects | Single vendor payment captures 100.0% of total project disbursals
WS/MP18208/2024-2025/150097,"Construction work of C.C. road from Dubaula Pachpedwa road to Nabi Ullah's shop till Majhowa Chaudhary pitch road, block Gaur 530 metre",Normal/Others,Roads,Roads,231884.0,866673.0,17.32203462923432,4.634637706911711,HIGH,CRITICAL,Sanction amount is 4.6x the peer median for 'Roads' in UTTAR PRADESH (2286 comparable works) | Description-based classification: Roads (92% confidence) | Sanction amount is at the 99.7th percentile within comparable work-category/state projects
WS/MP18271/2026-2027/135277,ESTIMATE FOR CONSTRUCTION OF BLACKTOP ROAD FROM NH-31 NEAR HOUSE OF DHIREN BARMAN TO HOUSE OF BAJLE RAHAMAN VIA HOUSE OF PRAFULLA BARMAN AT GHOGAR KUTHI UNDER CHILAKHANA G.P. WITHIN TUFANGANJ-I P.S.,Normal/Others,Roads,Roads,350000.0,349818.0,16.929405915983097,16.93821376197405,HIGH,CRITICAL,Sanction amount is 16.9x the peer median for 'Roads' in WEST BENGAL (1023 comparable works) | Description-based classification: Roads (92% confidence) | Sanction amount is at the 99.8th percentile within comparable work-category/state projects
WS/MP18004/2025-2026/221036,"Providing of CC road retaining wall  calvert from 0 0KM to 0 250 KM from Gondivalasa Road to Morriguda of Dumbriguda Mandal, ASR dt",Normal/Others,Boundary Walls,Boundary Walls,497329.0,500000.0,8.022841976152655,7.97998404003192,HIGH,CRITICAL,Sanction amount is 8.0x the peer median for 'Boundary Walls' in ANDHRA PRADESH (111 comparable works) | Description-based classification: Boundary Walls (98% confidence) | Sanction amount is at the 99.1th percentile within comparable work-category/state projects
WS/MP18271/2026-2027/135284,ESTIMATE FOR CONSTRUCTION OF BLACKTOP ROAD FROM BABUMIAH TO CHANDI SAL ROAD VIA SASHADHAR ROY HOUSE AT DUDHER KUTHI DEWANBOSH UNDER SUKTABARI G.P. WITHIN COOCH BEHAR-I P.S.,Normal/Others,Roads,Roads,350000.0,349818.0,16.278159205259414,16.286628227740632,HIGH,CRITICAL,Sanction amount is 16.3x the peer median for 'Roads' in WEST BENGAL (1023 comparable works) | Description-based classification: Roads (92% confidence) | Sanction amount is at the 99.7th percentile within comparable work-category/state projects
WS/MP18019/2024-2025/137520,"Construction of Auditorium Hall cum Guest House at Phonglangso Lumding Road, near Arboretum (total @ Rs. 1.26 cr) 1st Installment Rs. 30.00 L",Normal/Others,Roads,Roads,500000.0,500000.0,5.999988000024,5.999988000024,HIGH,CRITICAL,Sanction amount is 6.0x the peer median for 'Roads' in ASSAM (124 comparable works) | Description-based classification: Roads (92% confidence) | Sanction amount is at the 99.2th percentile within comparable work-category/state projects
WS/MP18224/2025-2026/198384,kanpur nagar ke vibhinna sarvjanik sthano par 100 nag steel benches ka adhisthapan karya,Normal/Others,Other / Unclassified,Other / Unclassified,231884.0,241000.0,17.34144942536171,16.68549923029365,HIGH,CRITICAL,Sanction amount is 16.7x the peer median for 'Other / Unclassified' in UTTAR PRADESH (5899 comparable works) | Sanction amount is at the 99.1th percentile within comparable work-category/state projects
WS/MP18055/2024-2025/173052,construction and civil work of indian red cross society new building work part 3,Normal/Others,Other / Unclassified,Other / Unclassified,250000.0,279208.0,19.99992000032,17.90773220060958,HIGH,CRITICAL,Sanction amount is 17.9x the peer median for 'Other / Unclassified' in GUJARAT (3229 comparable works) | Sanction amount is at the 99.8th percentile within comparable work-category/state projects
WS/MP866/2025-2026/213689,"Construction of C. Kalyanapuram Chennai Higher secondary school compound wall and entrance Arch work in dn 46, U11, Zone 4",Normal/Others,Boundary Walls,Boundary Walls,599049.0,1000000.0,8.271429763792671,4.954995045004955,HIGH,CRITICAL,Sanction amount is 5.0x the peer median for 'Boundary Walls' in TAMIL NADU (55 comparable works) | Description-based classification: Boundary Walls (98% confidence) | Sanction amount is at the 98.2th percentile within comparable work-category/state projects
WS/MP244/2025-2026/209004,"construction of paver block road with guard wall from lt. mohadev pal house to naru saha house via ajay dey house to subodh basak house, vivekananda para, ward no 24, jalpaiguri municipality",Normal/Others,Roads,Roads,350000.0,349818.0,9.065745526441352,9.070462153284984,HIGH,CRITICAL,Sanction amount is 9.1x the peer median for 'Roads' in WEST BENGAL (1023 comparable works) | Description-based classification: Roads (92% confidence) | Sanction amount is at the 98.0th percentile within comparable work-category/state projects
WS/MP18244/2025-2026/241938,Construction of Paver Block Road from PWD Road to Singhania TG under Madarihat Birpara Block in the distict of Alipurduar,Normal/Others,Roads,Roads,350000.0,349818.0,15.33029905628841,15.338274936467144,HIGH,CRITICAL,Sanction amount is 15.3x the peer median for 'Roads' in WEST BENGAL (1023 comparable works) | Description-based classification: Roads (92% confidence) | Sanction amount is at the 99.6th percentile within comparable work-category/state projects
WS/MP18228/2024-2025/140103,GRAM PANCHAYAT LAHANGPUR (ATAHANU) BLOCK JALALPUR ME PREM PRAKASH K GHAR SE BAHADUR RAJBHAR K GHAR HOTE HUYE VARANASI BORDER TAK SOLING K UPPER C C ROAD 780 METTERS,Normal/Others,Roads,Roads,231884.0,866673.0,15.72428143260668,4.207147093370748,HIGH,CRITICAL,Sanction amount is 4.2x the peer median for 'Roads' in UTTAR PRADESH (2286 comparable works) | Description-based classification: Roads (92% confidence) | Sanction amount is at the 99.5th percentile within comparable work-category/state projects
WS/MP672/2026-2027/291742,"Construction of community hall at Santaji Nagar, Dandekar Layout infront of Ganesh Mandir nagpur.",Normal/Others,Community Buildings,Community Buildings,995698.0,1000000.0,5.021597892535796,4.999995000005,HIGH,CRITICAL,Sanction amount is 5.0x the peer median for 'Community Buildings' in MAHARASHTRA (343 comparable works) | Description-based classification: Community Buildings (98% confidence) | Sanction amount is at the 100.0th percentile within comparable work-category/state projects
WS/MP18355/2025-2026/158366,Construction of CC Road at Ward no 49(new ward no 67) Kirloskar Foundry 2nd 3rd 4th 7th Cross,Normal/Others,Roads,Roads,500000.0,500000.0,5.849176301647397,5.849176301647397,HIGH,CRITICAL,Sanction amount is 5.8x the peer median for 'Roads' in KARNATAKA (553 comparable works) | Description-based classification: Roads (98% confidence) | Sanction amount is at the 99.6th percentile within comparable work-category/state projects | Single vendor payment captures 90.4% of total project disbursals
WS/MP18156/2025-2026/185310,PL BM Jinda Road Jinda Pind Toor enclave New Ward no 85 Old Ward No 1  Jalandhar,Normal/Others,Roads,Roads,240862.0,400000.0,11.772434952649432,7.088842277894305,HIGH,CRITICAL,Sanction amount is 7.1x the peer median for 'Roads' in PUNJAB (94 comparable works) | Description-based classification: Roads (92% confidence) | Sanction amount is at the 98.9th percentile within comparable work-category/state projects | Single vendor payment captures 84.3% of total project disbursals
WS/MP526/2025-2026/165993,"Providing of CC road from Urban Helath Centre to Niranjan Nagar Colony, Main road in Prakash Nagar",Normal/Others,Roads,Roads,497329.0,497626.0,5.61820722658999,5.614854097546958,HIGH,CRITICAL,Sanction amount is 5.6x the peer median for 'Roads' in ANDHRA PRADESH (784 comparable works) | Description-based classification: Roads (98% confidence) | Sanction amount is at the 99.4th percentile within comparable work-category/state projects
WS/MP18203/2025-2026/204862,district badaun mein diffrent place par  7 semi high mast l.e.d light work amount-1187200.00 and 6 highmast light work amount-4056000.00,Normal/Others,Street Lighting / Electrification,Street Lighting / Electrification,231884.0,166017.0,22.611208141966923,31.58211760170584,HIGH,CRITICAL,Sanction amount is 31.6x the peer median for 'Street Lighting / Electrification' in UTTAR PRADESH (5914 comparable works) | Description-based classification: Street Lighting / Electrification (98% confidence) | Sanction amount is at the 99.5th percentile within comparable work-category/state projects | Single vendor payment captures 100.0% of total project disbursals
WS/MP18208/2024-2025/150098,"Construction work of pitch road from Rajman's house to Bhagwandin's house in Purva Saraiya of Gram Panchayat Siktihwa, block Dubaulia 500 metre",Normal/Others,Roads,Roads,231884.0,866673.0,15.413252258662698,4.123928951370411,HIGH,CRITICAL,Sanction amount is 4.1x the peer median for 'Roads' in UTTAR PRADESH (2286 comparable works) | Description-based classification: Roads (92% confidence) | Sanction amount is at the 99.3th percentile within comparable work-category/state projects
WS/MP18198/2025-2026/254284,Roads in allahabad loksabha,Normal/Others,Other / Unclassified,Other / Unclassified,231884.0,241000.0,42.69357655734524,41.078667723370444,HIGH,CRITICAL,Sanction amount is 41.1x the peer median for 'Other / Unclassified' in UTTAR PRADESH (5899 comparable works) | Sanction amount is at the 99.7th percentile within comparable work-category/state projects
WS/MP18217/2024-2025/136140,from anwara majra nagla chhainkur hanuman tample to railway underpass interlocking road and drainage system  developement lenght 400 meters by 7 meter,Normal/Others,Drainage / Sewerage,Drainage / Sewerage,231884.0,1000000.0,41.01873773637794,9.511620488379512,HIGH,CRITICAL,Sanction amount is 9.5x the peer median for 'Drainage / Sewerage' in UTTAR PRADESH (115 comparable works) | Description-based classification: Drainage / Sewerage (92% confidence) | Sanction amount is at the 100.0th percentile within comparable work-category/state projects
WS/MP18244/2026-2027/270244,Contruction of CC Road near the house of Goutam barman via pangkeshwar barman to toword Badal barman  in Volka-Barobisha No. 1G.P. at Kumargam P.S. with in Alipurduar District,Normal/Others,Roads,Roads,350000.0,349818.0,14.639955314413388,14.647572030106998,HIGH,CRITICAL,Sanction amount is 14.6x the peer median for 'Roads' in WEST BENGAL (1023 comparable works) | Description-based classification: Roads (98% confidence) | Sanction amount is at the 99.5th percentile within comparable work-category/state projects
WS/MP492/2025-2026/194809,Installation of 165 LED Highmast Lights for rural and urban areas as per enclosed list,Normal/Others,Other / Unclassified,Other / Unclassified,231884.0,241000.0,172.9089850572482,166.3686042796503,HIGH,CRITICAL,Sanction amount is 166.4x the peer median for 'Other / Unclassified' in UTTAR PRADESH (5899 comparable works) | Sanction amount is at the 100.0th percentile within comparable work-category/state projects
WS/MP492/2024-2025/134984,Installation of 156 LED Highmast Lights for Rural and Urban areas as per enclosed List,Normal/Others,Other / Unclassified,Other / Unclassified,231884.0,241000.0,163.4775858723074,157.2939531371239,HIGH,CRITICAL,Sanction amount is 157.3x the peer median for 'Other / Unclassified' in UTTAR PRADESH (5899 comparable works) | Sanction amount is at the 100.0th percentile within comparable work-category/state projects
WS/MP18201/2024-2025/141045,supply and installation of led semi high mast light at 274 different places in district budaun,Normal/Others,Street Lighting / Electrification,Street Lighting / Electrification,231884.0,166017.0,200.40278586368242,279.91181679095035,HIGH,CRITICAL,Sanction amount is 279.9x the peer median for 'Street Lighting / Electrification' in UTTAR PRADESH (5914 comparable works) | Description-based classification: Street Lighting / Electrification (98% confidence) | Sanction amount is at the 100.0th percentile within comparable work-category/state projects
WS/MP791/2025-2026/252126,Uska brijmanganj marg se gangadhar pur hote hua baghi gav 1400 meetar pic road kary,Normal/Others,Roads,Roads,231884.0,866673.0,49.59354852620911,13.269118492074298,HIGH,CRITICAL,Sanction amount is 13.3x the peer median for 'Roads' in UTTAR PRADESH (2286 comparable works) | Description-based classification: Roads (92% confidence) | Sanction amount is at the 100.0th percentile within comparable work-category/state projects
WS/MP507/2024-2025/170558,Supply and installation of led semi high mast light at different place in district sitapur,Normal/Others,Street Lighting / Electrification,Street Lighting / Electrification,231884.0,166017.0,122.08905276322315,170.52741269019023,HIGH,CRITICAL,Sanction amount is 170.5x the peer median for 'Street Lighting / Electrification' in UTTAR PRADESH (5914 comparable works) | Description-based classification: Street Lighting / Electrification (98% confidence) | Sanction amount is at the 99.9th percentile within comparable work-category/state projects
WS/MP507/2025-2026/180315,Supply and installation of led semi high mast light at 79 diffrent places in district sitapur.,Normal/Others,Street Lighting / Electrification,Street Lighting / Electrification,231884.0,166017.0,87.56080384673437,122.30021443457939,HIGH,CRITICAL,Sanction amount is 122.3x the peer median for 'Street Lighting / Electrification' in UTTAR PRADESH (5914 comparable works) | Description-based classification: Street Lighting / Electrification (98% confidence) | Sanction amount is at the 99.9th percentile within comparable work-category/state projects
WS/MP18203/2025-2026/231653,budaun mein 20 sthano par sheetal jal pyau ka adhisthapan (3.03 per pyau),Normal/Others,Other / Unclassified,Other / Unclassified,231884.0,241000.0,26.133643832071932,25.145123879154028,HIGH,CRITICAL,Sanction amount is 25.1x the peer median for 'Other / Unclassified' in UTTAR PRADESH (5899 comparable works) | Sanction amount is at the 99.4th percentile within comparable work-category/state projects | Single vendor payment captures 100.0% of total project disbursals
WS/MP18210/2024-2025/154376,Supply and installation of LED semi high mast lights at 54 different places in district Chandauli (as per list enclosed).,Normal/Others,Street Lighting / Electrification,Street Lighting / Electrification,231884.0,166017.0,56.821269163594025,79.36488814465902,HIGH,CRITICAL,Sanction amount is 79.4x the peer median for 'Street Lighting / Electrification' in UTTAR PRADESH (5914 comparable works) | Description-based classification: Street Lighting / Electrification (98% confidence) | Sanction amount is at the 99.8th percentile within comparable work-category/state projects
WS/MP18201/2025-2026/194865,supply and installation of led semi high mast light as per list enclosed,Normal/Others,Street Lighting / Electrification,Street Lighting / Electrification,231884.0,166017.0,90.69323155874679,126.6754207375104,HIGH,CRITICAL,Sanction amount is 126.7x the peer median for 'Street Lighting / Electrification' in UTTAR PRADESH (5914 comparable works) | Description-based classification: Street Lighting / Electrification (98% confidence) | Sanction amount is at the 99.9th percentile within comparable work-category/state projects
WS/MP18210/2025-2026/258729,Construction of interlocking in various villages as per the letter attached,Normal/Others,Other / Unclassified,Other / Unclassified,231884.0,241000.0,21.89447355370119,21.06630262944967,HIGH,CRITICAL,Sanction amount is 21.1x the peer median for 'Other / Unclassified' in UTTAR PRADESH (5899 comparable works) | Sanction amount is at the 99.3th percentile within comparable work-category/state projects
WS/MP18181/2025-2026/266346,Construction of Extension of office building at Subbammal Street in Pollachi Municipality,Normal/Others,Public Buildings,Public Buildings,599049.0,1347131.0,10.015858442534013,4.4539065214099285,HIGH,CRITICAL,Sanction amount is 4.5x the peer median for 'Public Buildings' in TAMIL NADU (37 comparable works) | Description-based classification: Public Buildings (98% confidence) | Sanction amount is at the 100.0th percentile within comparable work-category/state projects
WS/MP18235/2024-2025/153242,"CONSTRUCTION OF  760MTR. BOUNDARY WALL IN SHAHEED-E-AZAM SPORTS STADIUM BAMANPURI,RAMPUR (I.A. RED RAMPUR)",Normal/Others,Boundary Walls,Boundary Walls,231884.0,700000.0,13.235194169523686,4.384340879513029,HIGH,CRITICAL,Sanction amount is 4.4x the peer median for 'Boundary Walls' in UTTAR PRADESH (69 comparable works) | Description-based classification: Boundary Walls (98% confidence) | Sanction amount is at the 98.6th percentile within comparable work-category/state projects
WS/MP18012/2026-2027/277368,Construction of Multipurpose Community Hall at Bhaggeswaram Village in Palacole Mandal,Normal/Others,Community Buildings,Community Buildings,497329.0,1000000.0,24.128848048579414,11.999988000012,HIGH,CRITICAL,Sanction amount is 12.0x the peer median for 'Community Buildings' in ANDHRA PRADESH (210 comparable works) | Description-based classification: Community Buildings (98% confidence) | Sanction amount is at the 100.0th percentile within comparable work-category/state projects
WS/MP18242/2024-2025/145618,As per list attached of 44 places of installation of high mast led light - 6 LED for different blocks and villages.,Normal/Others,Street Lighting / Electrification,Street Lighting / Electrification,231884.0,166017.0,42.487586519179764,59.34437229697985,HIGH,CRITICAL,Sanction amount is 59.3x the peer median for 'Street Lighting / Electrification' in UTTAR PRADESH (5914 comparable works) | Description-based classification: Street Lighting / Electrification (98% confidence) | Sanction amount is at the 99.7th percentile within comparable work-category/state projects
WS/MP507/2025-2026/196288,SUPPLY AND INSTALLATION OF LED SEMI HIGH MAST LIGHT AT 1 to 158 DIFFERENT PLACES,Normal/Others,Street Lighting / Electrification,Street Lighting / Electrification,231884.0,166017.0,204.7223753153503,285.94518666650606,HIGH,CRITICAL,Sanction amount is 285.9x the peer median for 'Street Lighting / Electrification' in UTTAR PRADESH (5914 comparable works) | Description-based classification: Street Lighting / Electrification (98% confidence) | Sanction amount is at the 100.0th percentile within comparable work-category/state projects | Single vendor payment captures 100.0% of total project disbursals
WS/MP18193/2024-2025/156313,"Construction of Additional Floor to the existing Community Hall at Ward No.1, Harithavanam Colony, Nizampet Municipal Corporation, Medchal_malkajgiri Dist.",Normal/Others,Community Buildings,Community Buildings,249886.0,400000.0,12.005426452756646,7.499981250046875,HIGH,CRITICAL,Sanction amount is 7.5x the peer median for 'Community Buildings' in TELANGANA (570 comparable works) | Description-based classification: Community Buildings (98% confidence) | Sanction amount is at the 99.3th percentile within comparable work-category/state projects
WS/MP18250/2024-2025/142043,Installation of street solar light and 7nos. of Eletric based water tank under Falti Beliaghata G.P & Barasat II Panchayat Samity. (Sl No.-8 to 15),Normal/Others,Street Lighting / Electrification,Street Lighting / Electrification,350000.0,289744.0,12.164199530858482,14.693892905830989,HIGH,CRITICAL,Sanction amount is 14.7x the peer median for 'Street Lighting / Electrification' in WEST BENGAL (1893 comparable works) | Description-based classification: Street Lighting / Electrification (98% confidence) | Sanction amount is at the 99.2th percentile within comparable work-category/state projects
WS/MP18242/2025-2026/156951,High Mast Light 12.5 Mtr pole at different locations of 17by Samaj Kalyan Nigam (UP Sidko) Sultanpur Prayagraj,Normal/Others,Street Lighting / Electrification,Street Lighting / Electrification,231884.0,166017.0,43.54744808849214,60.824729848570634,HIGH,CRITICAL,Sanction amount is 60.8x the peer median for 'Street Lighting / Electrification' in UTTAR PRADESH (5914 comparable works) | Description-based classification: Street Lighting / Electrification (98% confidence) | Sanction amount is at the 99.7th percentile within comparable work-category/state projects
WS/MP18242/2024-2025/156952,High Mast Light 9.5 Mtr pole at different locations of 45by Agency Kshetriya PRabandhak Laghu Udyog Nigam Prayagraj,Normal/Others,Street Lighting / Electrification,Street Lighting / Electrification,231884.0,166017.0,43.4480884921405,60.68594971629582,HIGH,CRITICAL,Sanction amount is 60.7x the peer median for 'Street Lighting / Electrification' in UTTAR PRADESH (5914 comparable works) | Description-based classification: Street Lighting / Electrification (98% confidence) | Sanction amount is at the 99.7th percentile within comparable work-category/state projects
WS/MP18242/2024-2025/156949,High Mast Light 9.5 Mtr pole at different locations of 44 by Agency Kshetriya PRabandhak Laghu Udyog Nigam Prayagraj,Normal/Others,Street Lighting / Electrification,Street Lighting / Electrification,231884.0,166017.0,42.48257541453738,59.337373055933696,HIGH,CRITICAL,Sanction amount is 59.3x the peer median for 'Street Lighting / Electrification' in UTTAR PRADESH (5914 comparable works) | Description-based classification: Street Lighting / Electrification (98% confidence) | Sanction amount is at the 99.7th percentile within comparable work-category/state projects
WS/MP18207/2024-2025/156029,Supply and Installation of 57 Highmast light in many areas of loksabha barabanki,Normal/Others,Other / Unclassified,Other / Unclassified,231884.0,241000.0,51.55123013562758,49.60127551337961,HIGH,CRITICAL,Sanction amount is 49.6x the peer median for 'Other / Unclassified' in UTTAR PRADESH (5899 comparable works) | Sanction amount is at the 99.8th percentile within comparable work-category/state projects
WS/MP492/2024-2025/134981,15 Yatri Tin/Bus shades List for rural and Urban Areas as per enclosed List,Normal/Others,Other / Unclassified,Other / Unclassified,231884.0,241000.0,42.69357655734524,41.078667723370444,HIGH,CRITICAL,Sanction amount is 41.1x the peer median for 'Other / Unclassified' in UTTAR PRADESH (5899 comparable works) | Sanction amount is at the 99.7th percentile within comparable work-category/state projects
WS/MP18357/2025-2026/225305,CC road construction,Normal/Others,Roads,Roads,239800.5,500000.0,12.502624045304136,5.996284007431985,HIGH,CRITICAL,Sanction amount is 6.0x the peer median for 'Roads' in MADHYA PRADESH (639 comparable works) | Description-based classification: Roads (98% confidence) | Sanction amount is at the 100.0th percentile within comparable work-category/state projects | Single vendor payment captures 100.0% of total project disbursals
WS/MP18185/2026-2027/246647,Providing of BT Road at Soorankudi Village Cross road in Soorankudi Panchayat at Kalakadu Panchayat Union.,Normal/Others,Roads,Roads,599049.0,500000.0,5.458642851181037,6.53998692002616,HIGH,CRITICAL,Sanction amount is 6.5x the peer median for 'Roads' in TAMIL NADU (456 comparable works) | Description-based classification: Roads (92% confidence) | Sanction amount is at the 99.8th percentile within comparable work-category/state projects
WS/MP18207/2025-2026/195449,Supply and installation of 47 Highmast light in many areas of barabanki constituency,Normal/Others,Other / Unclassified,Other / Unclassified,231884.0,241000.0,42.54781464950299,40.93841934265833,HIGH,CRITICAL,Sanction amount is 40.9x the peer median for 'Other / Unclassified' in UTTAR PRADESH (5899 comparable works) | Sanction amount is at the 99.7th percentile within comparable work-category/state projects
WS/MP18249/2026-2027/226809,"Development of Bituminious Road at Old Calcutta Road starting from 14 no. Railway to Boro Pole , wARD nO. 9,10 11 12 LENGTH - 1150 mtrs, WIDTH 7 mtrs under Barrackpore Municipality.",Normal/Others,Roads,Roads,350000.0,349818.0,14.285673469504372,14.293105863317887,HIGH,CRITICAL,Sanction amount is 14.3x the peer median for 'Roads' in WEST BENGAL (1023 comparable works) | Description-based classification: Roads (92% confidence) | Sanction amount is at the 99.3th percentile within comparable work-category/state projects
WS/MP755/2025-2026/261328,Providing Passenger Steel Bus Stand.,Normal/Others,Other / Unclassified,Other / Unclassified,599049.0,699258.0,8.068368249728737,6.9121112491937895,HIGH,CRITICAL,Sanction amount is 6.9x the peer median for 'Other / Unclassified' in TAMIL NADU (1577 comparable works) | Sanction amount is at the 99.3th percentile within comparable work-category/state projects | Single vendor payment captures 100.0% of total project disbursals
WS/MP825/2025-2026/266013,Making Cement Concrete road from South Sankrail Panchayet office to Purbo Para Main Road with guard wall 1.25 km. by 4.25mtr. of South Sankrail G.P under A.C 174 in MPLAD,Normal/Others,Roads,Roads,350000.0,349818.0,14.285673469504372,14.293105863317887,HIGH,CRITICAL,Sanction amount is 14.3x the peer median for 'Roads' in WEST BENGAL (1023 comparable works) | Description-based classification: Roads (98% confidence) | Sanction amount is at the 99.3th percentile within comparable work-category/state projects
WS/MP18001/2025-2026/231995,CONSTRUCTION OF BURIAL GROUND SHELTER BUILDING,Normal/Others,Other / Unclassified,Other / Unclassified,497329.0,497826.0,12.064424024289707,12.052379641923801,HIGH,CRITICAL,Sanction amount is 12.1x the peer median for 'Other / Unclassified' in ANDHRA PRADESH (983 comparable works) | Sanction amount is at the 99.8th percentile within comparable work-category/state projects
WS/MP18198/2025-2026/235614,Allahabad loksabha Kshetra Handpump installation,Normal/Others,Other / Unclassified,Other / Unclassified,231884.0,241000.0,37.51429372318175,36.09529421039747,HIGH,CRITICAL,Sanction amount is 36.1x the peer median for 'Other / Unclassified' in UTTAR PRADESH (5899 comparable works) | Sanction amount is at the 99.6th percentile within comparable work-category/state projects | Single vendor payment captures 100.0% of total project disbursals
